Услуга|Вопрос|Теги
АСУ производства (asusvr)|У кого можно получить заявку на регистрацию в АРМ Производства|АРМ, АРМ производства, АСУ, АСУ производства, 713, подключение, заявка, бланк
АСУ производства (asusvr)|Где можно ознакомиться с инструкцией по установке АРМ|АРМ, АРМ производства, АСУ, АСУ производства, 713, инструкция
АСУ производства (asusvr)|Что делать если не работает АРМ производства|АРМ, АРМ производства, АСУ, АСУ производства, 713
АСУ ФЭЗ|Как установить АСУ ФЭЗ|АСУ, АСУ ФЭЗ, 712, заявка, бланк, подключение
АСУ ФЭЗ|Нужно ли повторно заполнять заявку на установку АСУ ФЭЗ, если пользователь сменил компьютер или переустановил операционную систему|АСУ, АСУ ФЭЗ, 712, новый ПК, смена ОС, новая ОС
АСУ ФЭЗ|Куда относить заявку на регистрацию в АСУ ФЭЗ|АСУ ФЭЗ, 712, заявка, бланк, подключение, регистрация, АСУ
АСУ ФЭЗ|Какая операционная система должна быть на компьютере, чтобы корректно установить АСУ ФЭЗ|АСУ, АСУ ФЭЗ, 712, установка
АСУ ФЭЗ|Нужно ли повторно заполнять заявку на установку АСУ ФЭЗ при переводе пользователя в другое подразделение|АСУ ФЭЗ, 712, заявка, бланк, новое подразделение, перевод
АСУ ФЭЗ|"У кого можно получить консультацию по комплексу программ ""Система сквозного планирования"" "|АСУ, АСУ ФЭЗ, ССП, ССП ОРД, ОРД, 712
АСУ ФЭЗ|"Где можно получить информацию по подключению комплекса программ ""Система сквозного планирования"""|АСУ, АСУ ФЭЗ, ССП, ССП ОРД, ОРД, 712
АСУ ФЭЗ|"Кому можно задать вопросы по справочнику исполнителей в программе ""Система сквозного планирования"""|АСУ, АСУ ФЭЗ, ССП, ССП ОРД, ОРД, 712, справка
АСУ ФЭЗ|"Куда необходимо приносить заявки на подключение к программе ""Система сквозного планирования"""|АСУ, АСУ ФЭЗ, ССП, ССП ОРД, 712, заявка, бланк, подключить
АСУ ФЭЗ|"У кого можно получить консультацию по заполнению ""План-отчета подразделения"" в программе ""Система сквозного планирования"""|АСУ, АСУ ФЭЗ, ССП, ССП ОРД, план, отчет, 712, вопросы, справка
АСУ ФЭЗ|"У кого можно получить консультацию по заполнению ""Акта выполненных работ"" в программе ""Система сквозного планирования"""|АСУ, АСУ ФЭЗ, Акт выполненных работ, ССП, ССП ОРД, 712, вопросы, справка
АСУ ФЭЗ|"Кто отвечает за АСУ ФЭЗ ""Кадры"""|АСУ, АСУ ФЭЗ, кадры, отпуск, ответственные, 712, вопросы
АСУ ФЭЗ|"Кто отвечает за АСУ ФЭЗ ""Охрана труда"""|АСУ, АСУ ФЭЗ, охрана труда, 712, ответственные, вопросы
АСУ ФЭЗ|"К кому можно обратиться с вопросами по АСУ ФЭЗ ""Кадры"""|АСУ, АСУ ФЭЗ, кадры, отпуск, 712, ответственные, вопросы
АСУ ФЭЗ|"К кому можно обратиться с вопросами по АСУ ФЭЗ ""Персонал"""|АСУ, АСУ ФЭЗ, персонал, 712, ответственные, вопросы
АСУ ФЭЗ|"Как подключиться к АСУ ФЭЗ ""Кадры"""|АСУ, АСУ ФЭЗ, кадры, 712, подключение, инструкция
АСУ ФЭЗ|"Что делать, если при запуске АСУ ФЭЗ появляется сообщение ""Ошибка соединения с базой данных"""|АСУ, АСУ ФЭЗ, ошибка, 712, не запускается
АСУ ФЭЗ|"Куда обратиться по вопросам программы ""Организационно распорядительные документы"" ОРД (асу фэз → Планирование → Система сквозного планирования → Организационно распорядительные документы)"|АСУ, АСУ ФЭЗ, ОРД, ОРД ССП, распорядительные документы, 712, ответственные, вопросы
АСУ ФЭЗ|"Вопросы в работе с программой ""договор общества"" в АСУ ФЭЗ"|АСУ, АСУ ФЭЗ, договор, 712, ответственные, вопросы
АСУ ФЭЗ|"В АСУ ФЭЗ возникает ошибка с сообщением ""Ошибка обновления меню"""|АСУ, АСУ ФЭЗ, ошибка, 712, не обновляется
АСУ ФЭЗ|"Кто отвечает за АСУ ФЭЗ ""План закупок"""|АСУ, АСУ ФЭЗ, план закупок, 712, ответственные, вопросы
АСУ ФЭЗ|"Кто отвечает за АСУ ФЭЗ ""Потребности"""|АСУ, АСУ ФЭЗ, потребности, 712, ответственные, вопросы
АСУ ФЭЗ|"Кто отвечает за АСУ ФЭЗ Основные средства"""|АСУ, АСУ ФЭЗ, основные средства, 712, ответственные, вопросы
АСУ ФЭЗ|Как узнать забытый логин или пароль для программы АСУ ФЭЗ|АСУ, АСУ ФЭЗ, забыл, учетные данные, 712
АСУ ФЭЗ|"Как зарегистрироваться в АСУ ФЭЗ ""бухгалтерский учет"" и подключить программу
"|АСУ, АСУ ФЭЗ, заявка, бланк, подключение, бухгалтерия, бухгалтерский учет, 712, регистрация
АСУ ФЭЗ|Как сменить пароль в АСУ ФЭЗ|АСУ, АСУ ФЭЗ, смена, пароль, изменить, новый, 712
Закрытая локальная сеть|Общие сведения о закрытой локальной сети|ЗЛС, КРМ, гостайна, секретный, 714|Лебедев Роман Владимирович|Хандожко Алексей Викторович
Закрытая локальная сеть|Получение компьютера закрытой локальной сети|ЗЛС, КРМ, гостайна, секретный, 714, получение|Лебедев Роман Владимирович|Хандожко Алексей Викторович
Закрытая локальная сеть|Регистрация в закрытой локальной сети|ЗЛС, КРМ, гостайна, секретный, регистрация, 714|Лебедев Роман Владимирович|Хандожко Алексей Викторович
Закрытая локальная сеть|Копирование информации в закрытой локальной сети|ЗЛС, КРМ, гостайна, секретный, копирование, 714|Лебедев Роман Владимирович|Хандожко Алексей Викторович
Инвентаризация|Что такое неттоп и моноблок|неттоп, моноблок, инвентаризация, 714, описание
Инвентаризация|Кого указывать ответственным за рабочее место|инвентаризация, РМ, ответственный, 714
Инвентаризация|Что такое рабочее место|инвентаризация, РМ, описание, 714
Инвентаризация|Какие существуют ограничения на состав рабочего места (не могу добавить два системных блока и т.п.)|инвентаризация, РМ, стационарное, мобильное, печать, 714
Инвентаризация|Какую технику необходимо вносить в перечень|инвентаризация, РМ, перечень, ВТ, 714
Инвентаризация|Что делать, если на технике отсутствует инвентарный номер|инвентаризация, ВТ, инвентарный номер, восстановление, утерян, потерян, 714
Инвентаризация|Что делать, если к системному блоку подключен телевизор (конференц-залы и т.п.)|инвентаризация, РМ, телевизор, 714
Инвентаризация|Что делать с техникой, которая не используется (стоит в шкафу и т.п.)|инвентаризация, РМ, ВТ, простаивает, 714
Инвентаризация|"При заполнении графы ""Вид выполняемой работы"" не понятно, что вводить, нельзя выбрать несколько вариантов одновременно"|инвентаризация, вид работы, 714
Инвентаризация|Что делать, если модели устройства нет в выпадающем списке|инвентаризация, модель, отсутствует, 714, список
Инвентаризация|Не получается добавить сетевой принтер в рабочее место|инвентаризация, РМ, ВТ, ПУ, сетевой, принтер, 714
Инвентаризация|Как оформить изменения в составе рабочего места для печатающих устройств (принтер, сканер, плоттер, мфу и т.д.)|инвентаризация, РМ, ВТ, ПУ, перерегистрация, изменить, добавить, печать, 714
Информационная поисковая система средств технологического оснащения|Не работает программа ZXLOADER, как установить и переустановить программу|ZXLOADER, АСУ, АСУ производства, АРМ, установка, переустановка, ошибка, проблема, 713
Антивирус|Общие сведения о корпоративном антивирусе|антивирус, Касперский, Доктор Веб, САВЗ, 714|Лебедев Роман Владимирович|Соловьев Илья Денисович
Антивирус|Обязательно ли устанавливать корпоративный антивирус на рабочий компьютер|антивирус, Касперский, Доктор Веб, САВЗ, 714|Лебедев Роман Владимирович|Соловьев Илья Денисович
Антивирус|Установка корпоративного антивируса|антивирус, Касперский, Доктор Веб, САВЗ, 714, установка, настройка|Лебедев Роман Владимирович|Соловьев Илья Денисович
Антивирус|Отсутствует ключ лицензии антивируса|антивирус, Касперский, Доктор Веб, САВЗ, 714, проблема, ключ, лицензия|Лебедев Роман Владимирович|Соловьев Илья Денисович
Антивирус|Изменился значок антивируса в трее: появился желтый восклицательный знак|антивирус, Касперский, Доктор Веб, САВЗ, 714, проблема, желтый|Лебедев Роман Владимирович|Соловьев Илья Денисович
Антивирус|Какой документ регламентирует применение антивируса|антивирус, Касперский, Доктор Веб, САВЗ, положение, 714|Лебедев Роман Владимирович|Соловьев Илья Денисович
Личный кабинет|Личный кабинет не работает, пользователь забыл пароль, не может зарегистрироваться в программе через личный кабинет.|ЛК, регистрация, сменить, смена, новый, ошибка, проблема, 714
Сайт Cosmos|"Какой порядок размещения информационного сообщения на сайте предприятия
"|cosmos, способ, порядок, размещение, публикация, новость, 714
Сайт Cosmos|Как получить изображение (фото) или информацию из архива с сайта cosmos|cosmos, получение, информация, документ, 714
Перечень ПО|Куда отдать подписанный список (перечень) программного обеспечения|заявка, перечень, ПО, 714, список ПО, программы, программное обеспечение
Обслуживание и ремонт компьютерной техники|Как получить MAC-адрес (аппаратный адреса) МФУ HP m426 для регистрации в ЛК|ПУ, МФУ, HP m426, mac, 714
Ремонт и обслуживание оргтехники|Как распаковать и настроить новый МФУ (принтер)|ПУ, принтер, МФУ, новый, установка, настройка, инструкция, 714, 714|Дунаев Руслан Викторович|Курбатов Геннадий Александрович|Митрофанов Виталий Сергеевич|Павлов Анатолий Викторович
Прикладное ПО|"Как установить программу ""Консультант Плюс""?
"|КонсультантПлюс, консультант плюс, программа, установка, инструкция, 713
Прикладное ПО|"Что делать, если не работает радио
"|ошибка, радио
Перечень ПО|Где находится анкета для обоснования использования программного обеспечения|анкета обоснование, ПО, заявка, 712
Прикладное ПО|Как установить программу rmtm (СПО ИТО: РМТМ, МПТМ, ПВРТМ и т.д.)|РМТМ МПТМ ПВРТМ, СПО ИТО 103, программа
Выдача, замена и списание техники|Как зарегистрировать новое печатающее устройство (МФУ, принтер) в Локальной сети и Личном кабинете.|ПУ, принтер, МФУ, регистрация, ЛС, ЛК, инструкция, 714
Контакты|Где находится кабинет начальника отд. 714 (Ершов Юрий Михайлович)|расположение, отдел, 714
Контакты|Где находится кабинет начальника отд. 713 (Засыпкин Алексей Владимирович)|расположение, отдел, 713
Контакты|Где находится кабинет начальника отд. 712 (Зацепин Игорь Вячеславович)|расположение, отдел, 712
Контакты|Где находится кабинет начальника отд. 715 (Усатов Сергей Владимирович)|расположение, отдел, 715
Телефония|Не работает телефон, куда обратиться|сломался, сломан, 08, 09
Другое|Как оформить заявку на выезд за границу|заявка, выезд, заграница, оформление, заявление
Ремонт и обслуживание компьютера|Где проводится ремонт компьютерной техники|ВТ, починить, ремонт, расположение, служба ремонта, 714
Ремонт и обслуживание компьютера|Нужно ли для ремонта системного блока приносить кабели|ремонт, ПК, кабель, 714
Ремонт и обслуживание компьютера|При нажатии кнопки питания компьютер не включается (нет индикации на системном блоке)|ремонт, ПК, системный блок, не работает, сломан, не запускается, проблема, 714
Ремонт и обслуживание компьютера|После включения компьютера не загружается операционная система, на мониторе отображаются какие-то буквы на чёрном или синем фоне|ремонт, ПК, не работает, сломан, не запускается, проблема, bsod, 714, не включается
Ремонт и обслуживание компьютера|После включения компьютера индикаторы системного блока мигают, на мониторе отсутствует изображение|ремонт, ПК, монитор, не работает, сломан, не запускается, проблема, черный экран, 714, не включается
Ремонт и обслуживание компьютера|Что делать если случайно была удалена или пропала информация с компьютера|ремонт, исчезло, удалил, данные, 714
Периферия (прочие устройства)|Что делать если возникли проблемы с внешними устройствами хранения информации (флешки, карты памяти)|ремонт, USB, накопитель, 714
Ремонт и обслуживание оргтехники|Не работает принтер|ПУ, принтер, МФУ, ремонт, обслуживание, сломан, 714
Выдача, замена и списание техники|"Где получить новую технику (монитор, компьютер, принтер, ибп и т.д.)
"|ВТ, получение, ПК, ПУ, выдача, забрать, 714
Общие вопросы|Как осуществить ввоз/вывоз техники с АФУ для переустановки операционной системы или ремонта компьютера|АФУ, ВТ, ОС, ПК, ввоз, вывоз, ремонт, переустановка, 714
Общие вопросы|Как заправить картридж, если подразделение находится не на площадке 2. Как внести/вынести картридж|картридж, принтер, ПУ, заправка, АФУ, ввоз, вывоз, МФУ, Пасека, Гальваника, 714
Ремонт и обслуживание оргтехники|Как узнать о готовности заправки картриджа|картридж, заправка, готовность, расписание, статус, 714
Ремонт и обслуживание компьютера|Как и где узнать о готовности ремонта вычислительной техники|ВТ, ПК, ремонт, заявка, готовность, статус, 714
Общие вопросы|Как вынести вычислительную технику (ПК, МФУ и т.д.) с площадки 2|ВТ, вынос, вынести, получение, ремонт, забрать, 714
Ремонт и обслуживание оргтехники|Настройка, ремонт и техническое сопровождение факсимильных аппаратов|ремонт, факс, обслуживание, настройка, сопровождение, 803
Сайт Cosmos|"Как подать объявление на сайт ""cosmos"""|объявление, cosmos, информация, документ, размещение, 714
Сайт Cosmos|"Как подать или обновить информацию в разделах сайта ""cosmos"""|объявление, cosmos, информация, документ, размещение раздел, обновление, 714
Аудит|Общие сведения о программе Аудит|аудит, безопасность, защита, 714|Лебедев Роман Владимирович|Шипулин Павел Михайлович
Аудит|Установка Аудита|аудит, безопасность, защита, 714, установка|Лебедев Роман Владимирович|Шипулин Павел Михайлович
Аудит|Обязательно ли устанавливать Аудит|аудит, безопасность, защита, 714, установка|Лебедев Роман Владимирович|Шипулин Павел Михайлович
Аудит|Ограничение установки Аудита|аудит, безопасность, защита, 714, установка|Лебедев Роман Владимирович|Шипулин Павел Михайлович
САУРВ|"Как установить программу ""САУРВ"""|712, САУРВ, установка
Фотовидеодокументирование|Кто администратор ресурса ФВД (фото- и видеодокументирование)|ФВД, документирование, администратор, ответственный, доступ, 714|Прохоров Никита Дмитриевич
Фотовидеодокументирование|Нет доступа к ФВД (фото- и видеодокументирование)|ФВД, документирование, доступ, отсутсвует, запрещен, 714|Прохоров Никита Дмитриевич
Электронная почта|В чём разница между внутренней и внешней электронной почтой|почта, 714, внутренняя, внешняя
Электронная почта|Как установить пароль на электронную почту и есть ли к ней какие-то требования|почта, 714, пароль, требования, условия, ограничения
Электронная почта|Каким образом можно восстановить или сменить пароль|пароль, почта, 714, восстановление, смена, забыл
Электронная почта|Какой объём информации можно переслать по электронной почте|почта, 714, лимит, размер, данные, файл, документ
Электронная почта|Когда необходимо заполнять бланк повторной регистрации электронной почты|почта, 714, регистрация, заново, заявка, заполнение
Электронная почта|Не работает электронная почта|почта, 714, ошибка, не отправляет,
Электронная подпись для САПР|Получение электронной подписи|ЭЦП, ЭП, подпись, 714, заявка, получение, установка, регистрация, токен, ключ, SmarTeam, сапр|Лебедев Роман Владимирович|Сосновский Максим Сергеевич
Электронная подпись для САПР|Восстановление пароля (ПИН-кода) от ключа электроной подписи|ЭЦП, ЭП, подпись, 714, забыл, утерян, потерян, восстановление, новый, ключ, токен, SmarTeam, сапр, пароль|Лебедев Роман Владимирович|Сосновский Максим Сергеевич
Электронная подпись для САПР|Пробемы в работе электронной подписи|ЭЦП, ЭП, подпись, 714, проблема, ошибка, не подписывает, устарел, ключ, токен, SmarTeam, сапр|Лебедев Роман Владимирович|Сосновский Максим Сергеевич
Электронная подпись для САПР|Блокирование ключа электронной подписи|ЭЦП, ЭП, подпись, 714, проблема, блокирование, продление, сертификат, ключ, токен, SmarTeam, сапр|Лебедев Роман Владимирович|Сосновский Максим Сергеевич
Электронная подпись для САПР|Продление (перевыпуск) сертификата электроной подписи|ЭЦП, ЭП, подпись, 714, продление, сертификат, ключ, токен, SmarTeam, сапр|Лебедев Роман Владимирович|Сосновский Максим Сергеевич
Ключи, токены|Изменение реквизитов пользователя в сертификате электронной подписи: ФИО, отдел, должность|ЭЦП, ЭП, подпись, 714, сертификат, ключ, токен, SmarTeam, сапр, новые|Лебедев Роман Владимирович|Сосновский Максим Сергеевич
Электронная подпись для САПР|Возврат ключа электронной подписи|ЭЦП, ЭП, подпись, 714, токен, ключ, сапр, SmarTeam, сдать, отказ, отмена, уволился, возврат|Лебедев Роман Владимирович|Сосновский Максим Сергеевич
Электронный архив КД (pdm)|"Как зарегистрировать пользователя в электронном архиве КД
"|КД, архив, электронный, 715, регистрация, заявка, бланк, форма|Баскакова Ольга Николаевна|Шаповалов Александр Евгеньевич
Электронный архив КД (pdm)|Не запускается электронный архив КД (забыл пароль или нет регистрации в электронном архиве КД)|забыл, пароль, КД, 715, архив, электронный, не работает, потерял|Мальцева Галина Михайловна
САПР Catia|Установка пограммы CATIA|Catia, установка, настройка, 715|Жарникова Наталья Сергеевна|Романова Евгения Сергеевна|Савицкая Наталья Николаевна|Смоленский Юрий Михайлович|Тарасов Антон Вячеславович
САПР Catia|Вопросы по работе в программе САTIA|Catia, 715, вопросы|Кривогорницын Александр Глебович|Лихачев Максим Васильевич|Мироненкова Лидия Михайловна|Новиченок Дмитрий Владимирович
САПР Catia|Не запускается программа CATIA.|Catia, 715, ошибка, не заходит|Жарникова Наталья Сергеевна|Романова Евгения Сергеевна|Савицкая Наталья Николаевна|Смоленский Юрий Михайлович|Тарасов Антон Вячеславович
САПР Catia|Установить CATIA Composer|Catia, Catia Composer, 715, установка, настройка|Жарникова Наталья Сергеевна
САПР SmarTeam|Установка (переустановка) программы SmarTeam|SmarTeam, установка, настройка, сапр, 715|Жарникова Наталья Сергеевна|Романова Евгения Сергеевна|Савицкая Наталья Николаевна|Смоленский Юрий Михайлович|Тарасов Антон Вячеславович
САПР SmarTeam|Невозможно войти в систему SmarTeam, забыл логин и пароль|SmarTeam, ошибка, 715, вход, войти, потерян, учетные данные|Байбурин Равиль Фаильевич|Жарникова Наталья Сергеевна|Савицкая Наталья Николаевна|Смоленский Юрий Михайлович|Тарасов Антон Вячеславович
САПР SmarTeam|Работа с контрольно-весовыми талонами|SmarTeam, контрольно-весовые талоны, 715, вопросы|Новиченок Дмитрий Владимирович|Савицкая Наталья Николаевна
САПР SmarTeam|Не получается найти проект (документ) в SmarTeam|SmarTeam, проект, документ, найти, 715, поиск, не работает, не удается|Беляева Ольга Геннадьевна|Букина Елена Владимировна|Машукова Светлана Сергеевна
Электронный архив КД|Регистрация нового пользователя в Электронном архиве КД.|электронный архив, архив КД, регистрация, новый, форма, бланк, заявка
Электронный архив КД|Не открываются документы для просмотра в Электронном архиве КД.|электронный архив, архив КД, 715, не работает, не открывается, данные|Жарникова Наталья Сергеевна|Романова Евгения Сергеевна|Савицкая Наталья Николаевна|Смоленский Юрий Михайлович|Тарасов Антон Вячеславович
nanoCad|Инструкция по работе в nanoCAD, nanoCAD Механика.|Nanocad, 715, инструкция
nanoCad|Установка программы nanoCAD, nanoCAD Механика.|Nanocad, 715, установка, настройка|Жарникова Наталья Сергеевна|Романова Евгения Сергеевна|Савицкая Наталья Николаевна|Смоленский Юрий Михайлович|Тарасов Антон Вячеславович
nanoCad|Настроить интеграцию nanoCAD, nanoCAD Механика с системой SmarTeam.|Nanocad, 715, настройка, совместимость, установка|Жарникова Наталья Сергеевна|Романова Евгения Сергеевна|Савицкая Наталья Николаевна|Смоленский Юрий Михайлович|Тарасов Антон Вячеславович
Вертикаль|Регистрация нового пользователя в системе АСКОН|Вертикаль, Аскон, 715, регистрация|Геращенко Юлия Александровна|Матлак Игорь Владимирович
GRASP, POS, CHAMP|Установка программ GRASP, POS, CHAMP|GRASP, POS, CHAMP, 715, установка|Жарникова Наталья Сергеевна|Романова Евгения Сергеевна|Смоленский Юрий Михайлович
Компас 3Д Viewer|Установка программы Компас 3D Viewer|Компас 3D Viewer, 715, установка|Жарникова Наталья Сергеевна|Романова Евгения Сергеевна|Савицкая Наталья Николаевна|Смоленский Юрий Михайлович|Тарасов Антон Вячеславович
Mcontrol (Контроль масс)|Регистрация нового пользователя, проблемы, ошибки с работой в Mcontrol|Mcontrol, Контроль масс, 715, регистрация, проблема, ошибка, не запускается|Новиченок Дмитрий Владимирович
Mcontrol (Контроль масс)|Контроль, изменение масс, получение прав на корректировку аппаратов|Mcontrol, Контроль масс, измерить, получить права|Кокорина Наталья Викторовна
SATSOFT|Установка программы SATSOFT|SATSOFT, 715, установка, настройка|Жарникова Наталья Сергеевна|Романова Евгения Сергеевна|Савицкая Наталья Николаевна|Смоленский Юрий Михайлович|Тарасов Антон Вячеславович
E3 Series (Eкуб)|Установка программы E3 Series (Екуб)|E3 Series, Екуб, 715, установка|Жарникова Наталья Сергеевна|Тарасов Антон Вячеславович
Деловед|"С каким паролем заходить в ""Деловед"" или как изменить пароль входа?
"|Деловед, 715, пароль, сменить, смена, новый, зайти|Карпенко Дмитрий Сергеевич|Мартынюк Николай Андреевич|Темляков Анатолий Валентинович
Ansys|Установка программы Ansys|Ansys, 715, установка, настройка|Жарникова Наталья Сергеевна|Тарасов Антон Вячеславович
FEMAP|Установка программы FEMAP|FEMAP, 715, установка, настройка|Жарникова Наталья Сергеевна|Тарасов Антон Вячеславович
Nastran|Установка программы Nastran|Nastran, 715, установка, настройка|Жарникова Наталья Сергеевна|Тарасов Антон Вячеславович
Patran|Установка программы Patran|Patran, 715, установка, настройка|Жарникова Наталья Сергеевна|Тарасов Антон Вячеславович
Analysis Manager|Установка программы Analysis Manager|Analysis Manager, 715, установка, настройка|Жарникова Наталья Сергеевна|Тарасов Антон Вячеславович
Скрытая услуга|Тестовый вопрос 1|""
Скрытая услуга|Тестовый вопрос 2 скрытый|""|Байбурин Равиль Фаильевич
Скрытая услуга 2|Тестовый вопрос 3|""
Скрытая услуга 2|Тестовый вопрос 4|""
Скрытая услуга|Новый вопрос|""
САПР SmarTeam|Это новый вопрос 2. Вторая редакция|715, SmarTeam, АСУ
АСУ ФЭЗ|Новый вопрос по АСУ ФЭЗ|АСУ, 712
АСУ ФЭЗ|Тестовый вопрос АСУ ФЭЗ|712, АСУ ФЭЗ
САПР SmarTeam|Тестовый вопрос. Version 4|SmarTeam, 715, новый, тег, тестовый_вопрос|Байбурин Равиль Фаильевич
САПР SmarTeam|Имя|715, SmarTeam
САПР SmarTeam|Тест|SmarTeam, новый, 715
САПР SmarTeam|Еще один вопрос|SmarTeam, 715, сапр
САПР SmarTeam|Имя|SmarTeam, 715
САПР SmarTeam|ВОпрос|сапр, SmarTeam, 715, 175
САПР SmarTeam|Еще один вопрос|SmarTeam, 715, 175, заявка, АСУ, найти
САПР SmarTeam|Angular|""
Выдача, замена и списание техники|"Статусы в СВТ раздел ""Рабочие места""(https://svt.iss-reshetnev.ru/users/sign_in)."|свт svt, статус, рабочие места
Выдача, замена и списание техники|"Статусы в СВТ раздел ""Техника""(https://svt.iss-reshetnev.ru/users/sign_in)"|свт svt, статус, техника
Выдача, замена и списание техники|Как зарегистрировать новое печатающее устройство (МФУ, принтер) в Локальной сети и Личном кабинете|ПУ, принтер, МФУ, регистрация, ЛС, ЛК, инструкция, 714
Ремонт и обслуживание компьютера|Куда обратиться, если отсутствует сетевой кабель|ремонт, кабель, сетевой кабель, 714
Ремонт и обслуживание компьютера|Что делать, если случайно была удалена или пропала информация с компьютера|ремонт, исчезло, удалил, данные, 714
Периферия (прочие устройства)|Что делать, если возникли проблемы с внешними устройствами хранения информации (флешки, карты памяти)|ремонт, USB, накопитель, флешка, карта памяти, 714
Ремонт и обслуживание компьютера|Как переустановить операционную систему|система, операционная, ремонт, 714
Выдача, замена и списание техники|Как можно сдать, списать МФУ, принтер, сканер, плоттер|принтер, списание, МФУ, ПУ, 714|Ольховикова Надежда Николаевна
Ремонт и обслуживание компьютера|Куда обратиться если возникли проблемы с ПО (установка\переустановка)|ПО, 714, программное обеспечение, установка, переустановка, перечень, список
Периферия (прочие устройства)|Ремонт ИБП (источник бесперебойного питания, UPS)|ибп, ups, 714
Ремонт и обслуживание компьютера|"Добавить место на диске ""С"" или увеличить место на другом диске, добавить дополнительно диск(почистить диск)"|диск, увеличить, добавить, 714
Ремонт и обслуживание компьютера|Как установить драйвера для проигрывания звука, что делать, если пропал звук|звук, ремонт, 714
Общие вопросы|Как ввозить/вывозить технику с АФУ для переустановки операционной системы или ремонта компьютера|АФУ, ВТ, ОС, ПК, ввоз, вывоз, ремонт, переустановка, 714
Общие вопросы|Как заправить картридж, если подразделение находится не на площадке 2? Как внести/вынести картридж|картридж, принтер, ПУ, заправка, АФУ, ввоз, вывоз, МФУ, Пасека, Гальваника, 714
Общие вопросы|Как сдать, списать ПК, монитор, неиспользуемую технику(разрегистрировать технику)|монитор, списание ПК, системный блок, 714
Ремонт и обслуживание компьютера|Как узнать, отремонтирована ли вычислительная техника|ВТ, ПК, ремонт, заявка, готовность, статус, 714
Общие вопросы|Как внести технику (ПК, МФУ и т.д.) на площадку 2  из подразделений вне площадки 2|вынос, внести, техника, сдать, сдать в ремонт, 714
Ремонт и обслуживание оргтехники|Кто занимается настройкой, ремонтом и техническим сопровождением факсимильных аппаратов|ремонт, факс, 803, обслуживание, настроить, вопросы
Общие вопросы|Кто отвечает за информацию на электронных часах на 4 корпусе|часы, 4 корпус, 714
Ремонт и обслуживание оргтехники|Увеличение объёма оперативной памяти|713, 714, ремонт,оперативная, память, добавить, увеличить, объем, ОЗУ, заявка
Ремонт и обслуживание оргтехники|При нажатии кнопки питания копировальный аппарат (принтер, плоттер, МФУ) не включается|714, ремонт, принтер, МФУ, ксерокс, копировальный, аппарат не включается, не работает|Глотов Игорь Владимирович|Павлов Анатолий Викторович|Палёнов Алексей Анатольевич
Ремонт и обслуживание оргтехники|После включения копировального аппарата (принтера, плоттера, МФУ) индикаторы мигают, либо светятся все одновременно, но устройство не работает|714, ремонт, принтер, МФУ, ксерокс, копировальный, аппарат не включается, не работает, индикатор, мигает|Глотов Игорь Владимирович|Курбатов Геннадий Александрович
Ремонт и обслуживание оргтехники|После включения копировального аппарата (принтера, плоттера, МФУ) индикатор показывает готовность, но устройство не работает|714, ремонт, принтер, МФУ, ксерокс, копировальный, аппарат не включается, не работает, индикатор, значок|Глотов Игорь Владимирович|Курбатов Геннадий Александрович
Ремонт и обслуживание оргтехники|После включения копировального аппарата (принтера, плоттера, МФУ)  индикатор показывает готовность, но печать с компьютера не идёт (значок печатающего устройства прозрачен)|714, ремонт, принтер, МФУ, ксерокс, копировальный, аппарат не включается, не работает, индикатор, значок|Глотов Игорь Владимирович|Курбатов Геннадий Александрович
Ремонт и обслуживание оргтехники|После включения копировального аппарата или принтера на панели горит светодиод или различные значки|принтер, 714714, ремонт, принтер, МФУ, ксерокс, копировальный, аппарат не включается, не работает, индикатор, значок|Глотов Игорь Владимирович|Павлов Анатолий Викторович|Палёнов Алексей Анатольевич
Ремонт и обслуживание оргтехники|Кто ремонтирует неисправные МФУ, принтеры, сканеры, плоттеры, лазерные факсы|714, МФУ, ПУ, принтер, ремонт, плоттер, сканер, копировальный аппарат, ксерокс|Глотов Игорь Владимирович|Павлов Анатолий Викторович|Палёнов Алексей Анатольевич
Ремонт и обслуживание оргтехники|Замена картриджей для принтеров, плоттеров, МФУ|714, МФУ, ПУ, картридж, замена|Глотов Игорь Владимирович
Ремонт и обслуживание оргтехники|Что сделать, чтобы заправить или отремонтировать картриджи для струйных и лазерных принтеров|714, картридж, заправка, готовность, расписание, статус|Глотов Игорь Владимирович|Пастухов Сергей Вадимович
Ремонт и обслуживание оргтехники|Как долго выполняется ремонт или заправка картриджа|714, ремонт,принтер,Копировальный аппарат, МФУ, плоттер, картридж, срок, статус, готовность|Глотов Игорь Владимирович|Пастухов Сергей Вадимович
Ремонт и обслуживание оргтехники|Куда обратиться для настройки, ремонта и технического сопровождения факсимильных аппаратов|803, ремонт, факс, обслуживание, настройка, сопровождение
Ремонт и обслуживание оргтехники|"Как заправить картриджи для печати формата ""А3"""|714, заправка, картридж, А3, принтер, печать, анкета|Глотов Игорь Владимирович|Михальченков Максим Евгеньевич
Ремонт и обслуживание оргтехники|Как зарегистрировать подключенное сетевое оборудование (принтер, плоттер, МФУ) в локальной сети|714, ремонт, принтер, копировальный аппарат, МФУ, плоттер, регистрация, ЛС, локальная сеть
Ремонт и обслуживание оргтехники|Где получить новый, списать или сдать на склад старый  копировальный аппарат (принтер, плоттер, МФУ)|714, получение, списание, сдача, склад, принтер, копировальный аппарат, МФУ, плоттер|Глотов Игорь Владимирович|Ольховикова Надежда Николаевна
Ремонт и обслуживание оргтехники|Печатающее устройство плохо берёт бумагу, постоянно зажёвывает лист, грязная печать|714, ремонт, принтер, копировальный аппарат, МФУ, плоттер, зажевывает, грязная печать|Глотов Игорь Владимирович|Митрофанов Виталий Сергеевич
Ремонт и обслуживание оргтехники|Печатающее устройство зажевало лист|714, ремонт, принтер, копировальный аппарат, МФУ, плоттер, зажевал лист|Глотов Игорь Владимирович|Митрофанов Виталий Сергеевич
Ремонт и обслуживание оргтехники|Почему картридж от лазерного печатающего устройства необходимо класть в плотный пакет|714, ремонт, принтер, копировальный аппарат, МФУ, плоттер, картридж|Глотов Игорь Владимирович|Пастухов Сергей Вадимович
Ремонт и обслуживание оргтехники|Как снять копию, распечатать, отсканировать с помощью МФУ на компьютер, выполнить двустороннюю печать или двустороннее сканирование|714, ремонт, принтер, копировальный аппарат, МФУ, плоттер, инструкция, как сделать, сканировать, сканирование, двухсторонняя печать, копия, скан|Глотов Игорь Владимирович|Курбатов Геннадий Александрович|Митрофанов Виталий Сергеевич
Ремонт и обслуживание оргтехники|Устройство захватывает бумагу больше одного листа|714, ремонт, принтер, копировальный аппарат, МФУ, плоттер, поломка, неисправность, сломался, бумага|Глотов Игорь Владимирович|Курбатов Геннадий Александрович|Митрофанов Виталий Сергеевич
Ремонт и обслуживание оргтехники|На отпечатке виден дефект - вдоль всего листа смазанное изображение, независимо от смены картриджа|714, ремонт, принтер, копировальный аппарат, МФУ, плоттер, поломка, неисправность, сломался, дефект, смазано|Глотов Игорь Владимирович|Курбатов Геннадий Александрович|Митрофанов Виталий Сергеевич
Ремонт и обслуживание оргтехники|На отпечатке тонер не закрепляется (размазывается руками)|714, ремонт, принтер, копировальный аппарат, МФУ, плоттер, поломка, неисправность, сломался, тонер, не закрепляется|Глотов Игорь Владимирович|Курбатов Геннадий Александрович|Митрофанов Виталий Сергеевич
Ремонт и обслуживание оргтехники|На отпечатке виден периодический повтор изображения независимо от смены картриджа|714, ремонт, принтер, копировальный аппарат, МФУ, плоттер, поломка, неисправность, сломался, изображение, повтор|Глотов Игорь Владимирович|Курбатов Геннадий Александрович|Митрофанов Виталий Сергеевич
Ремонт и обслуживание оргтехники|Аппарат выпускает смятый вдоль лист|714, ремонт, принтер, копировальный аппарат, МФУ, плоттер, поломка, неисправность, сломался, лист, смятый|Глотов Игорь Владимирович|Курбатов Геннадий Александрович|Митрофанов Виталий Сергеевич
Ремонт и обслуживание оргтехники|На отпечатке видны продольные полосы, независимо от смены картриджа|714, ремонт, принтер, копировальный аппарат, МФУ, плоттер, поломка, неисправность, сломался, полосы|Глотов Игорь Владимирович|Курбатов Геннадий Александрович|Митрофанов Виталий Сергеевич
Ремонт и обслуживание оргтехники|Бледная печать, текст читается плохо или не читается совсем|714, ремонт, принтер, копировальный аппарат, МФУ, плоттер, поломка, неисправность, сломался, бледная, текст, не читается|Глотов Игорь Владимирович|Курбатов Геннадий Александрович|Митрофанов Виталий Сергеевич
Ремонт и обслуживание оргтехники|По всему листу идет повтор изображения|714, ремонт, принтер, копировальный аппарат, МФУ, плоттер, поломка, неисправность, сломался, изображение, повтор|Глотов Игорь Владимирович|Курбатов Геннадий Александрович|Митрофанов Виталий Сергеевич
Ремонт и обслуживание оргтехники|Черная полоса с левого или правого края листа (может быть с двух сторон)|714, ремонт, принтер, копировальный аппарат, МФУ, плоттер, поломка, неисправность, сломался, полоса, черная, край|Глотов Игорь Владимирович|Курбатов Геннадий Александрович|Митрофанов Виталий Сергеевич
Ремонт и обслуживание оргтехники|На листе черные точки|714, ремонт, принтер, копировальный аппарат, МФУ, плоттер, поломка, неисправность, сломался|Глотов Игорь Владимирович|Курбатов Геннадий Александрович|Митрофанов Виталий Сергеевич
Ремонт и обслуживание оргтехники|С картриджа сыпется тонер|714, ремонт, принтер, копировальный аппарат, МФУ, плоттер, поломка, неисправность, сломался, лист, бумага, точки, черные, тонер, сыпется|Глотов Игорь Владимирович|Курбатов Геннадий Александрович|Митрофанов Виталий Сергеевич
Ремонт и обслуживание оргтехники|Картридж издает сильный скрип|714, ремонт, принтер, копировальный аппарат, МФУ, плоттер, поломка, неисправность, сломался, картридж, скрип|Глотов Игорь Владимирович|Курбатов Геннадий Александрович|Митрофанов Виталий Сергеевич
Ремонт и обслуживание оргтехники|По всему листу светлая полоса|714, ремонт, принтер, копировальный аппарат, МФУ, плоттер, поломка, неисправность, сломался, лист, полоса, светлая|Глотов Игорь Владимирович|Курбатов Геннадий Александрович|Митрофанов Виталий Сергеевич
Ремонт и обслуживание оргтехники|На бумаге присутствуют черные поперечные полосы, которые появляются через равные промежутки|714, ремонт, принтер, копировальный аппарат, МФУ, плоттер, поломка, неисправность, сломался, бумага, лист, полосы, поперечные, черные|Глотов Игорь Владимирович|Курбатов Геннадий Александрович|Митрофанов Виталий Сергеевич
Ремонт и обслуживание оргтехники|Светлые серые полосы вдоль листа (серый фон по всему листу)|714, ремонт, принтер, копировальный аппарат, МФУ, плоттер, поломка, неисправность, сломался, лист, бумага, полосы, серые, фон|Глотов Игорь Владимирович|Курбатов Геннадий Александрович|Митрофанов Виталий Сергеевич
Ремонт и обслуживание оргтехники|Дефект в виде волнообразных серых пятен|714, ремонт, принтер, копировальный аппарат, МФУ, плоттер, поломка, неисправность, сломался, дефект, пятно, серое|Глотов Игорь Владимирович|Курбатов Геннадий Александрович|Митрофанов Виталий Сергеевич
Ремонт и обслуживание оргтехники|С левого или правого края листа наблюдаются периодические черные пилообразные полосы|714, ремонт, принтер, копировальный аппарат, МФУ, плоттер, поломка, неисправность, сломался, лист, бумага, край, полосы, черные|Глотов Игорь Владимирович|Курбатов Геннадий Александрович|Митрофанов Виталий Сергеевич
Ремонт и обслуживание оргтехники|На струйном принтере или МФУ пропали цвета или печать идет с полосами|714, ремонт, принтер, МФУ, неисправность, сломался, пропал цвет, полосы|Глотов Игорь Владимирович|Курбатов Геннадий Александрович|Митрофанов Виталий Сергеевич
Ремонт и обслуживание оргтехники|Замена или выдача дополнительного печатающего устройства|714, принтер, копировальный аппарат, МФУ, плоттер, замена, дополнительный|Глотов Игорь Владимирович
Ремонт и обслуживание оргтехники|Как подключить печатающее устройство|ремонт,принтер,Копировальный аппарат, МФУ, плоттер,714|Глотов Игорь Владимирович
Инвентаризация|Что такое рабочее место (РМ)|инвентаризация, РМ, описание, 714
Инвентаризация|Ограничения на состав рабочего места. Требуется внести в состав РМ входить два системных блока, принтера|инвентаризация, РМ, стационарное, мобильное, печать, 714
Инвентаризация|Какую технику необходимо вносить в перечень, какая техника подлежит инвентаризации|инвентаризация, РМ, перечень, ВТ, 714
Инвентаризация|Как внести в перечень техники телевизор (конференц-залы и т.п.)|инвентаризация, РМ, телевизор, 714
Инвентаризация|Что делать с техникой, которая не используется|инвентаризация, РМ, ВТ, простаивает, 714, не используется
Инвентаризация|Изменение состава рабочего места после проведения инвентаризации|714, инвентаризация, рабочее место, РМ, состав, изменение
Инвентаризация|"Для чего нужна кнопка «Экспортировать в PDF» (""Сформировать перечень для печати"")"|714, инвентаризация, список, экспорт, pdf
Инвентаризация|"Рабочее место имеет статус ""отклонено"""|714, отклонено, инвентаризация, рабочее место, РМ
Инвентаризация|"При заполнении графы ""Вид выполняемой работы"" непонятно, что вводить, нельзя выбрать несколько вариантов одновременно"|714, инвентаризация, вид работы, заполнение, вариант
Инвентаризация|По результатам работы программы Sysinfo не полностью вводятся данные о конфигурации и отсутствует возможность сохранить состав рабочего места|714, инвентаризация, Sysinfo, ошибка, конфигурация
Инвентаризация|Что делать, если не получается добавить сетевой принтер в рабочее место|714, инвентаризация, РМ, ВТ, ПУ, сетевой, принтер
Инвентаризация|Что делать, если нее получается создать рабочее место, состоящее из ноутбука и принтера (сканера, МФУ)|714, инвентаризация, не стандартный, принтер, ПУ, МФУ, сканер, ноутбук
Инвентаризация|Кто является уполномоченным по вычислительной технике (ВТ) в подразделении|713, уполномоченный, ответственный, ВТ, инвентаризация
Инвентаризация|Оформление рабочего местп для работы с секретной информацией и заполнение инвентаризационных данных|714, секретная, автономное, инвентаризация, гостайна, рабочее место
Инвентаризация|Некорректный инвентарный номер либо инвентарный номер не соответствует указанному|714, инвентарный, номер, инвентаризация, не соответствует, ошибка
Инвентаризация|"Внесение изменений в список инвентаризации (список рабочих мест), добавление не внесенного или нового оборудования
"|714, инвентаризация, добавить, список, рабочее место, новое оборудование, СЗ, служебная, записка
Инвентаризация|"Как сопоставить имеющуюся технику в отделе со списком по инвентаризации

"|714, инвентаризация, список, сопостаить, рабочее место, техника
Инвентаризация|Оформление изменений в составе рабочего места для печатающих устройств (принтер, сканер, плоттер, мфу и т.д.)|714, инвентаризация, РМ, ВТ, ПУ, перерегистрация, изменить, добавить, печать
Инвентаризация|В СВТ по поиску инвентарного номера техника отсутствует|свт svt, инвентарный номер, отсутствует
Контакты|Где находится кабинет начальника УИВТ (Потуремский Игорь Владимирович), как он принимает|""
Контакты|Где находятся кабинеты начальников секторов и групп УИВТ|""
Телефония|Не работает телефон|сломался, сломан, телефон, аппарат, база, 08, 09
Другое|Оформление заявки на выезд за границу|заявка, выезд, заграница, оформление, заявление
Другое|"Кто отвечает за программу ""заявки на транспорт"" в ЛК
"|заявка, транспорт, 712|Черныш Борис Александрович
Другое|Подача заявки на транспорт|заявка, транспорт, подать, диспетчер, 712
Другое|Как сдать в ремонт крупногабаритную технику|заявка, транспорт, подать, диспетчер, доставка, принести, грузчик, ремонт, большая, тяжелая, техника, 712
Другое|"Что делать, если при работе с формулами в пакете Micorosft Office выдаётся ошибка ""Microsoft Equation недоступно"""|Microsoft, Office, офис, формула, редактор, ошибка, Equation
Антивирус|"Во время установки корпоративного антивируса появилось сообщение ""В процессе установки антивируса произошла ошибка"""|антивирус, Касперский, Доктор Веб, 714|Лебедев Роман Владимирович|Соловьев Илья Денисович
Антивирус|Вместо значка антивируса в трее появился желтый восклицательный знак|антивирус, Касперский, Доктор Веб, САВЗ, 714, проблема, желтый|Лебедев Роман Владимирович|Соловьев Илья Денисович
Антивирус|Регламент применение антивируса|антивирус, Касперский, Доктор Веб, САВЗ, положение, 714|Лебедев Роман Владимирович|Соловьев Илья Денисович
Антивирус|"Во время установки корпоративного антивируса появилось сообщение ""В случае использования корпоративного антивируса на данном компьютере будет существенно снижена его производительность""."|антивирус, 714, требования, компьютер, произвоительность|Лебедев Роман Владимирович|Соловьев Илья Денисович
Перечень ПО|Если необходимой пользователю программы нет в утвержденном перечне ПО, или возникли вопросы по списку разрешенного ПО|перечень, ПО, список, 713, 714, 712|Бунькова Светлана Петровна
Перечень ПО|Как установить и удалить программу в доменном ПК|установка, удаление, домен, 714|Печеницын Андрей Владимирович|Самойлов Максим Борисович
Операционная система|"При загрузке ПК появляется сообщение ""Ваша копия Windows не является подлинной"""|копия, ошибка, windows, 714|Печеницын Андрей Владимирович|Плехов Денис Евгеньевич
Прикладное ПО|"Появляется сообщение ""Активация Windows"" или ""Активация Microsoft Office"" Активация ""ABBYY lingvo"""|сообщение, ошибка, актив, 714|Печеницын Андрей Владимирович|Шлафер Светлана Анатольевна
Операционная система|"Появляется сообщение, при входе в Windows ""Заблокирована учетная запись пользователя"""|заблокирован, пароль, сообщение, 714|Зангиров Дмитрий Юрьевич|Печеницын Андрей Владимирович
Перечень ПО|Кто составляет список программного обеспечения (ПО)|лк.список, ответственный, 714
Прикладное ПО|"Установка программы ""Консультант Плюс"""|КонсультантПлюс, консультант плюс, программа, установка, инструкция, 713
Прикладное ПО|Установка корпоративного браузера|корпоративный браузер, установить, космос cosmos
Прикладное ПО|Что делать, если не работает радио|ошибка, радио
Прикладное ПО| Куда обратиться, если не запускается программа ABBY Lingvo/FineReader|лингво, ABBYY Lingvo FineReader, файнридер
Прикладное ПО|"Кто устанавливает программу ""cimco edit"""|cimco edit, программа
Прикладное ПО|Установка программ rmtm (СПО ИТО: РМТМ, МПТМ, ПВРТМ и т.д.)|РМТМ МПТМ ПВРТМ, СПО ИТО 103, программа
Прикладное ПО|"Установка программы ""АСРН2006"" (автоматизированная система расчета надежности)"|регистрация в ЛС ЛК
Прикладное ПО|Установка программы Альтиум дизайнер, Солидворк|альтиум, дизайнер, солидворк
Прикладное ПО|Установка программу Оркад|оркад, аркад, 714
Прикладное ПО|"Установка программы ""Punto Swither"" (автоматическое переключение раскладки клавиатуры)"|пунто, раскладка, клавиатура, 714
Прикладное ПО|Кто отвечает за программу ABBYY Fine Reader(файнридер, получить продлить лицензию)|лицензия, файнридер, fine reader, 714
SpecEdit|Установка программы SpecEdit|SpecEdit, спецификации, 715, 713|Жарникова Наталья Сергеевна|Романова Евгения Сергеевна|Савицкая Наталья Николаевна|Смоленский Юрий Михайлович|Тарасов Антон Вячеславович
Mcontrol (Контроль масс)|Установка программы Mcontrol (Контроль масс)|Mcontrol, Контроль масс, 715, 713|Жарникова Наталья Сергеевна|Романова Евгения Сергеевна|Савицкая Наталья Николаевна|Смоленский Юрий Михайлович|Тарасов Антон Вячеславович
" ""PTC Mathcad Express"", ""Matlab"",  ""MathType"""|"Установка настройка программы ""PTC Mathcad Express"", ""Matlab"",  ""MathType"""|"""PTC Mathcad Express"", ""Matlab"", ""MathType"", 715"|Жарникова Наталья Сергеевна
Гранд-смета|"Установка настройка переустановка программы ""Гранд-смета"""|Гранд-смета, 715|Смоленский Юрий Михайлович
Ограничитель крепежных изделий|"Установка  программы ""Ограничитель крепежных изделий"""|Ограничитель крепежных изделий, 715|Жарникова Наталья Сергеевна|Романова Евгения Сергеевна|Савицкая Наталья Николаевна|Смоленский Юрий Михайлович|Тарасов Антон Вячеславович
Калькулятор надежности|"Установка  программы ""Калькулятор надежности"""|установка, калькулятор надежности, 715|Жарникова Наталья Сергеевна|Романова Евгения Сергеевна|Савицкая Наталья Николаевна|Смоленский Юрий Михайлович|Тарасов Антон Вячеславович
Gimp|Установка и настройка программы Gimp|713, 714, установка, Gimp, программа, настройка
"АСУ ""Производство"""|Что нужно сделать для подключения к АСУ производства (цех, снабжение, склад и т.д.)|713, АРМ, АРМ производства, АСУ, АСУ производства, подключение, заявка, бланк
"АСУ ""Производство"""|Инструкция по установке АСУ производства|713, АРМ, АРМ производства, АСУ, АСУ производства, инструкция
"АСУ ""Производство"""|Что делать, если не работает АСУ производства(АРМ производства)|713, АРМ, АРМ производства, АСУ, АСУ производства
"АСУ ""Производство"""|"Установка программы ""Show CCI"""|713, АСУб show ccI, программа, установить
АСУ патентного бюро (asupatent)|Регистрация в программе АЭСУИС. Пожелания к доработке программы|АЭСУИС, автор, 713
АСУ ФЭЗ|Как установить программу АСУ ФЭЗ|712, АСУ, АСУ ФЭЗ, заявка, бланк, подключение
АСУ ФЭЗ|Нужно ли заново заполнять заявку на установку программы АСУ ФЭЗ, если пользователь сменил ПК или переустановил систему|712, АСУ, АСУ ФЭЗ, новый ПК, смена ОС, новая ОС
АСУ ФЭЗ|С какой операционной системой работает АСУ ФЭЗ|712, АСУ, АСУ ФЭЗ, установка, ОС, операционная система
АСУ ФЭЗ|Нужно ли повторно заполнять заявку на установку АСУ ФЭЗ при переводе пользователя в другое подразделение?|712, АСУ ФЭЗ, заявка, бланк, новое подразделение, перевод
АСУ ФЭЗ|Кто подписывает заявку на установку АСУ ФЭЗ|712, АСУ ФЭЗ, заявка, установить, подпись
АСУ ФЭЗ|В справочнике предприятий АСУ ФЭЗ отсутствует нужное предприятие|712, АСУ ФЭЗ, справочник, отсутствует, предприятие
АСУ ФЭЗ|В справочнике стран АСУ ФЭЗ отсутствует нужная страна|712, АСУ ФЭЗ, справочник, отсутствует, страна
АСУ ФЭЗ|В справочнике ОКАТО АСУ ФЭЗ отсутствует нужный населённый пункт|712, АСУ ФЭЗ, справочник, ОКАТО, отсутствует, город
АСУ ФЭЗ|Кто отвечает за ведение справочника тем, справочника статей бюджета|справочник тем, статьи бюджета
АСУ ФЭЗ|"Не отображаются подчинённые в модуле ""Планы подразделений + лицевые карточки"""|712, АСУ ФЭЗ, штатная расстановка, планы подразделений, модуль, лицевые карточки
АСУ ФЭЗ|"Куда обратиться по вопросам программы ""Редактор документов ССП"""|АСУ, АСУ ФЭЗ, ОРД, ОРД ССП, распорядительные документы, 712, ответственные, вопросы
АСУ ФЭЗ|Кто занимается подключением программы АСУ ФЭЗ Штатной расстановки и корректностью запуска программы|штатная, АСУ ФЭЗ, 712
АСУ ФЭЗ|Кто занимается подключением программы АСУ ФЭЗ Штатной расстановки, правильность запуска программы|штатная, АСУ ФЭЗ, 712
АСУ ФЭЗ|"Что делать, если в АСУ ФЭЗ возникает ошибка с сообщением ""Ошибка обновления меню"""|АСУ, АСУ ФЭЗ, ошибка, 712, не обновляется
АСУ ФЭЗ|Восстановление забытого логина или пароля для программы АСУ ФЭЗ|АСУ, АСУ ФЭЗ, забыл, учетные данные, 712, логин, пароль
АСУ ФЭЗ|"Регистрация в АСУ ФЭЗ ""Бухгалтерский учет"" и подключение программы"|АСУ, АСУ ФЭЗ, заявка, бланк, подключение, бухгалтерия, бухгалтерский учет, 712, регистрация
АСУ ФЭЗ|Финансовый отдел|АСУ ФЭЗ
АСУ ФЭЗ|Плановый отдел|АСУ ФЭЗ
Информационная поисковая система средств технологического оснащения|В АСУ производства  раздел меню: Спецоснастка → ИПС работает с ошибками.|ZXLOADER, АСУ, АСУ производства, АРМ, установка, переустановка, ошибка, проблема, 713
АРМ ДВЦ|Как установить программу АРМ-ДВЦ|АРМ, dvc, 713|Скамницкий Станислав Витальевич
АСУ цехов|Как установить и настроить АСУ цеха|ASU, АСУ, 713
САУРВ|"Кто отвечает за программу ""САУРВ"""|712, САУРВ, учет рабочего времени
Электронный архив КД (pdm)|"Регистрация пользователя в электронном архиве КД
"|КД, архив, электронный, 715, регистрация, заявка, бланк, форма|Баскакова Ольга Николаевна|Шаповалов Александр Евгеньевич
Электронный архив КД (pdm)|"Невозможно просмотреть документы в электронном архиве конструкторской документации (КД),
или необходима установка программы впервые"|архив, электронный, КД, 715|Жарникова Наталья Сергеевна|Романова Евгения Сергеевна|Савицкая Наталья Николаевна|Смоленский Юрий Михайлович|Тарасов Антон Вячеславович
САПР Catia|Некорректная  работа программы CATIA|Catia, 715|Кривогорницын Александр Глебович|Лихачев Максим Васильевич|Мироненкова Лидия Михайловна|Новиченок Дмитрий Владимирович
САПР Catia|Не запускается программа CATIA|Catia, 715, ошибка, не запускается|Жарникова Наталья Сергеевна|Романова Евгения Сергеевна|Савицкая Наталья Николаевна|Смоленский Юрий Михайлович|Тарасов Антон Вячеславович
САПР Catia|При запуске программы CATIA требуется лицензия|Catia, лицензия, ошибка, 715, не запускается|Жарникова Наталья Сергеевна|Романова Евгения Сергеевна|Савицкая Наталья Николаевна|Смоленский Юрий Михайлович|Тарасов Антон Вячеславович
САПР Catia|Установка программы CATIA Composer|Catia, Catia Composer, 715, установка, настройка|Жарникова Наталья Сергеевна
САПР SmarTeam|Как зарегистрироваться в системе SmarTeam|SmarTeam, регистрация, 715, новый, заявка, бланк|Жарникова Наталья Сергеевна|Савицкая Наталья Николаевна|Смоленский Юрий Михайлович|Тарасов Антон Вячеславович
САПР SmarTeam|Как зайти в систему SmarTeam, если забыли логин или пароль|SmarTeam, ошибка, 715, вход, войти, потерян, учетные данные, забыл пароль|Жарникова Наталья Сергеевна|Савицкая Наталья Николаевна|Смоленский Юрий Михайлович|Тарасов Антон Вячеславович
САПР SmarTeam|Включение/отключение уведомления о поступлении процессов на согласование|SmarTeam, процессы, уведомления, 715, вопросы|Жарникова Наталья Сергеевна|Романова Евгения Сергеевна|Савицкая Наталья Николаевна|Смоленский Юрий Михайлович|Тарасов Антон Вячеславович
САПР SmarTeam|Невозможно  подписать документ|SmarTeam, ЭЦП, 715, 713|Жарникова Наталья Сергеевна|Романова Евгения Сергеевна|Савицкая Наталья Николаевна|Смоленский Юрий Михайлович|Тарасов Антон Вячеславович
Электронный архив КД|Регистрация нового пользователя в Электронном архиве КД|электронный архив, архив КД, регистрация, новый, форма, бланк, заявка|Кривова Юлия Владимировна|Мальцева Галина Михайловна|Машукова Светлана Сергеевна|Печеницын Алексей Андреевич|Селоустьев Дмитрий Владимирович|Шаповалов Александр Евгеньевич
Электронный архив КД|Невозможно войти в Электронный архив КД, забыли пароль|электронный архив, архив КД, 715, вход, войти|Кривова Юлия Владимировна|Мальцева Галина Михайловна|Машукова Светлана Сергеевна|Печеницын Алексей Андреевич|Селоустьев Дмитрий Владимирович|Шаповалов Александр Евгеньевич
Электронный архив КД|Установка программы Электронный архив КД|715, электронный архив, архив КД, установка|Жарникова Наталья Сергеевна|Романова Евгения Сергеевна|Савицкая Наталья Николаевна|Смоленский Юрий Михайлович|Тарасов Антон Вячеславович
Электронный архив КД|Не открываются документы для просмотра в Электронном архиве КД|715, электронный архив, архив КД, не работает, не открывается, данные|Жарникова Наталья Сергеевна|Романова Евгения Сергеевна|Савицкая Наталья Николаевна|Смоленский Юрий Михайлович|Тарасов Антон Вячеславович
Электронный архив КД|Документы сохраняются на диск и открываются машинными символами, вместо ожидаемого текста или изображения.|715, электронный архив, архив КД, не открывается, данные, символы, сохранение, открытие, регистрация|Жарникова Наталья Сергеевна|Романова Евгения Сергеевна|Савицкая Наталья Николаевна|Смоленский Юрий Михайлович|Тарасов Антон Вячеславович
nanoCad|Инструкция по работе в nanoCAD, nanoCAD Механика|715, Nanocad, инструкция, руководство, нанокад, механика|Жарникова Наталья Сергеевна|Романова Евгения Сергеевна|Савицкая Наталья Николаевна|Смоленский Юрий Михайлович|Тарасов Антон Вячеславович
nanoCad|Установка программы nanoCAD, nanoCAD Механика|715, Nanocad, установка, настройка, механика, нанокад|Жарникова Наталья Сергеевна|Романова Евгения Сергеевна|Савицкая Наталья Николаевна|Смоленский Юрий Михайлович|Тарасов Антон Вячеславович
nanoCad|Настройка интеграции nanoCAD, nanoCAD Механика с системой SmarTeam|715, Nanocad, настройка, совместимость, интеграция, нанокад|Жарникова Наталья Сергеевна|Романова Евгения Сергеевна|Савицкая Наталья Николаевна|Смоленский Юрий Михайлович|Тарасов Антон Вячеславович
nanoCad|"Типовые настройки nanoCad для АО ""ИСС"""|715, Nanocad, настройка, типовые, инструкция, нанокад|Жарникова Наталья Сергеевна|Романова Евгения Сергеевна|Савицкая Наталья Николаевна|Смоленский Юрий Михайлович|Тарасов Антон Вячеславович
Канцелярия|Установка программы Канцелярия (Поиск)|Канцелярия, поиск, 715, установить|Жарникова Наталья Сергеевна|Романова Евгения Сергеевна|Савицкая Наталья Николаевна|Смоленский Юрий Михайлович|Тарасов Антон Вячеславович
Вертикаль|Установка программы Вертикаль.|Вертикаль, Аскон, 715|Жарникова Наталья Сергеевна|Савицкая Наталья Николаевна
Система учета КД|Установка программы Система учета КД|Система учета КД, 715, 713|Жарникова Наталья Сергеевна|Романова Евгения Сергеевна|Савицкая Наталья Николаевна|Смоленский Юрий Михайлович|Тарасов Антон Вячеславович
Деловед|"Установка программы ""Деловед"""|Деловед, 715, установить|Карпенко Дмитрий Сергеевич|Мартынюк Николай Андреевич|Темляков Анатолий Валентинович
Деловед|"Не работает ""Деловед"""|Деловед, 715, ошибка, проблема, не работает|Карпенко Дмитрий Сергеевич|Мартынюк Николай Андреевич|Темляков Анатолий Валентинович
Деловед|"Как добавить нового делопроизводителя или изменить права доступа на выполнение действий в программе ""Деловед"""|Деловед, 715, ответственный, делопроизводитель, доступ, права, добавить, изменить|Карпенко Дмитрий Сергеевич|Мартынюк Николай Андреевич|Темляков Анатолий Валентинович
Деловед|"Как изменить пароль входа в программу ""Деловед"""|Деловед, 715, пароль, сменить, смена, новый, зайти|Карпенко Дмитрий Сергеевич|Мартынюк Николай Андреевич|Темляков Анатолий Валентинович
САПР SmarTeam|Ошибка в программе редактор спецификаций SpecEdit|SpecEdit, редактор, ошибка файлы, спецификаций, spc, edit, 715
САУРВ|"Регистрация в программе ""САУРВ"""|712, 713, САУРВ, регистрация, заявка, подключение
netdisk|Заявка на регистрацию ресурса на Dept|netdisk, dept, сетевой, диск, заявка, ресурс, 714|Прохоров Никита Дмитриевич
Фотовидеодокументирование|Кто администратор ресурса ФВД (фото- и видеодокументирование)? К кому обращаться, если нет доступа|ФВД, документирование, администратор, ответственный, доступ, 714|Прохоров Никита Дмитриевич
Фотовидеодокументирование|Как получить доступ к ФВД(фото видео документирование)(\\data-fvd\)|data-fvd, fvd фвд, подключить фото видео, 714|Прохоров Никита Дмитриевич
netdisk|Подключение netdisk(users,dept) или другого хранилища (tm1,data-fvd,n6040-2-a,vf103,vf640 или другое).|netdisk, users, dept, сетевой, хранилище, СХД, диск, подключение, tm1, data, fvd, n6040-2-a, vf103, vf640, 714|Прохоров Никита Дмитриевич
netdisk|Увеличение размера личной папки пользователя на \\netdisk\users|netdisk, users, dept, сетевой, диск, увеличчить, добавить, личная, 714|Прохоров Никита Дмитриевич
netdisk|Восстановление удалённых, измененных, поврежденных файлов или папок на netdisk или другом сетевом хранилище|netdisk, users, dept, сетевой, диск, восстановление, удаленный, 714, 713|Прохоров Никита Дмитриевич
netdisk|Восстановление удалённых, повреждённых или изменённых файлов или папки на  Netdisk|диск, netdisk, восстановить, удаленный, 714|Прохоров Никита Дмитриевич
netdisk|Подключение netdisk на недоменном компьютере зарегистрированном на другого пользователя|netdisk, 714, подключить, пользователь, другой, личный кабинет|Прохоров Никита Дмитриевич
Электронная подпись для САПР|Как получить электронную подпись|ЭЦП, ЭП, подпись, 714, заявка, получение, установка, регистрация, токен, ключ, SmarTeam, сапр|Лебедев Роман Владимирович|Сосновский Максим Сергеевич
Электронная подпись для САПР|Как восстановить пароль (ПИН-код) от ключа электроной подписи|ЭЦП, ЭП, подпись, 714, забыл, утерян, потерян, восстановление, новый, ключ, токен, SmarTeam, сапр, пароль|Лебедев Роман Владимирович|Сосновский Максим Сергеевич
Электронная подпись для САПР|Некорректно работает электронная подпись|ЭЦП, ЭП, подпись, 714, проблема, ошибка, не подписывает, устарел, ключ, токен, SmarTeam, сапр|Лебедев Роман Владимирович|Сосновский Максим Сергеевич
Электронная подпись для САПР|Как продлить (перевыпустить) сертификат электроной подписи?|ЭЦП, ЭП, подпись, 714, продление, сертификат, ключ, токен, SmarTeam, сапр|Лебедев Роман Владимирович|Сосновский Максим Сергеевич
Электронная подпись для САПР|Как изменить реквизиты пользователя в сертификате электронной подписи: ФИО, отдел, должность|ЭЦП, ЭП, подпись, 714, сертификат, ключ, токен, SmarTeam, сапр, новые|Лебедев Роман Владимирович|Сосновский Максим Сергеевич
Электронная подпись для САПР|Что делать с ненужным ключом электронной подписи|ЭЦП, ЭП, подпись, 714, токен, ключ, сапр, SmarTeam, сдать, отказ, отмена, уволился, возврат|Лебедев Роман Владимирович|Сосновский Максим Сергеевич
Личный кабинет пользователя ЛС|Как восстановить пароль от ЛК|714, личный,кабинет, пароль, забыл
Личный кабинет пользователя ЛС|Восстановление пароля|714, личный,кабинет, пароль, забыл
Подключение, регистрация В ЛС|Регистрация ПК|714, регистрация, компьютер, ПК, личный, новый
Личный кабинет пользователя ЛС|Список ответственных по ВТ в подразделении (приказ №1325 от 23.05.2017)|714, список, ответственные, ответственный по ВТ, уполномоченный
Подключение, регистрация В ЛС|Подключение ПК к локальной сети (ЛС) Общества (прокладка кабеля)|714, сеть, локальная, розетка, кабель, подключение
Подключение, регистрация В ЛС|Локальная сеть (ЛС) подключена, но не работает|714, сеть, локальная, не работает, проблема, ЛС
Подключение, регистрация В ЛС|Что нужно сделать при замене компьютера|714, замена, компьтер, ЛК, ЛС, регистрация,
Программное обеспечение (ПО)|Использование серверного программного обеспечения|714, ПО, сервер, программа, ЛС, положение
Подключение, регистрация В ЛС|Получение сетевого имени компьютера|714, компьютер, имя сетевое, ЛС
Интернет|Подключение к сети Интернет, увеличение или уменьшение трафика|714, интернет,подключить, увеличить, уменьшить, трафик
Программное обеспечение (ПО)|Вопросы по списку разрешенного ПО|714, 712, перечень, ПО, список, разрешенное ПО
Операционная система|Забыт пароль или логин на вход в Windows (не доменный компьютер)|714, вход, пароль, логин, забыт
Домен|Забыт пароль или логин на вход в Windows (доменный компьютер)|714, вход, пароль, логин, забыт
Программное обеспечение (ПО)|Установка/удаление программ на доменном ПК|714, установка, удаление, домен, ПО, список
Подключение, регистрация В ЛС|Как перерегистрировать ПК на другого пользователя|714, компьютер, перерегистрирация,регистрация, обмен, инвентаризация
Подключение, регистрация В ЛС|Внесение изменений о смене корпуса для рабочего места|714, рабочее место, корпус, данные, изменить, расположение, размещение
Подключение, регистрация В ЛС|Внесение изменений о смене коматы для рабочего места|714, рабочее место, комната, данные, изменить, расположение, размещение
Операционная система|"Появляется сообщение ""Ваша копия Windows не является подлинной"""|714, копия, ошибка, windows, оперционная система, активация, сообщение
Домен|"При попытке входа в систему появляется сообщение ""Не удается установить доверительные отношения"" "|714, ошибка, домен, доверительные, отношения, ообщение
Программное обеспечение (ПО)|"Появляется сообщение ""Активация Windows"" , ""Активация Microsoft Office""  или Активация ""ABBYY lingvo"" "|714, сообщение, ошибка, активация, ABBY, лингво, Lingvo, FineReader, файнридер, офис, Office
Программное обеспечение (ПО)|Не запускается программа ABBY Lingvo/FineReader|714, сообщение, ошибка, активация, ABBY, лингво, Lingvo, FineReader, файнридер, офис, Office
Домен|"При входе в Windows появляется сообщение ""Заблокирована учетная запись пользователя"""|714, заблокирован, пароль, сообщение, windows
Домен|Вход в доменный ПК после ремонта|714, ремонт, домен, ПК, вход
Передача данных сторонней организации|Отправка документов (файлов) в электронном виде сторонней организации|714, отправить, сторонней, документы, передача, данные
Домен|Переименование или удаление папки на доменном ПК|714, удалить, переименовать, домен, папка
Интернет|Не удается выйти (подключиться) в Интернет|714, проблема, интернет, не работает, сеть
Перечень ПО|Формирование списка ПО, ответственные за список ПО|714, ЛК, список, ответственный, ПО, перечень
Обслуживание и ремонт компьютерной техники|Получение MAC-адреса (аппаратного адреса) МФУ  HP m426 для регистрации в ЛК|714, принтер, МАК, mac, адрес, аппаратный, МФУ, регистрация
Общие вопросы|Невозможно подключиться к пользователю по VNC (ни по IP, ни по имени ПК)|714, vnc, домен, подключиться, невозможно
Операционная система|Правильная настройка/установка брандмауэр Windows|714, windows, брандмауэр, настроить, исходное
Программное обеспечение (ПО)|"Установка программы ""Консультант Плюс""
"|714, Консультант, Плюс, ПО, установить
Программное обеспечение (ПО)|Как установить корпоративный браузер|714, корпоративный браузер, установить, cosmos
Программное обеспечение (ПО)|Не работает радио|714, радио, проблема, не работает, восстановить
Общие вопросы|"Удаление программы ""VNC"" из автозагрузки"|714, удалить, vnc, автозагрузка, программа
Домен|"Проверка, получение или отмена прав администратора на ПК
"|714, администратор, права, роль, домен получение, отмена, проверка
Программное обеспечение (ПО)|Анкета обоснования использования ПО|714, анкета обоснование, ПО, расположение, размещение, положение
Подключение, регистрация В ЛС|Регистрация сетевого оборудования|714, регистрация, подключение, сеть, оборудование
Другое|Кто может подать заявку на транспорт в ЛК|712, ЛК, заявка, транспорт, подача, доступ
Другое|"Кто отвечает за программу ""заявки на транспорт"" в ЛК"|712, ЛК, заявка, транспорт, подача, ответственный
Электронная почта|У кого можно получить информацию об электронной почте|714, почта, электронная, email, информация, администратор|Блинова Ирина Рудольфовна|Печеницын Андрей Владимирович|Плехов Денис Евгеньевич
Электронная почта|Получение доступа к электронной почте|714, электронная, почта, регистрация, внутренняя, внешняя|Блинова Ирина Рудольфовна|Печеницын Андрей Владимирович|Плехов Денис Евгеньевич
Электронная почта|Различие между внутренней и внешней электронной почтой|714, электронная, почта, внутренняя, внешняя, различие, email|Блинова Ирина Рудольфовна|Печеницын Андрей Владимирович|Плехов Денис Евгеньевич
Электронная почта|Можно ли самостоятельно выбрать логин для электронной почты|714, логин, электронная, почта, email|Блинова Ирина Рудольфовна|Печеницын Андрей Владимирович|Плехов Денис Евгеньевич
Электронная почта|Установка пароля на электронную почту и требования к паролю|714, логин, пароль, электронная, почта, email|Блинова Ирина Рудольфовна|Печеницын Андрей Владимирович|Плехов Денис Евгеньевич
Электронная почта|Восстановить или смена пароля от электронной почты|714, логин, пароль, электронная, почта, email|Блинова Ирина Рудольфовна|Печеницын Андрей Владимирович|Плехов Денис Евгеньевич
Электронная почта|Настройка клиента электронной почты|714, почта, OutLook, настройка, клиент, email|Блинова Ирина Рудольфовна|Печеницын Андрей Владимирович|Плехов Денис Евгеньевич
Электронная почта|Настройка некорпоративного клиента электронной почты|714, почта, OutLook, настройка, клиент, The_Bat, email|Блинова Ирина Рудольфовна|Печеницын Андрей Владимирович|Плехов Денис Евгеньевич
Электронная почта|Какой объём информации можно переслать по электронной почте (ЭП)|714, электронная, почта, размер, объем, email|Блинова Ирина Рудольфовна|Печеницын Андрей Владимирович|Плехов Денис Евгеньевич
Электронная почта|Когда необходимо заполнять бланк повторной регистрации электронной почты (ЭП)|714, электронная, почта, повторная, регистрация, email|Блинова Ирина Рудольфовна|Печеницын Андрей Владимирович|Плехов Денис Евгеньевич
Интернет|Не открываются некоторые конкретные сайты/разделы на сайтах|интернет, сайт, адрес, интернет-почта
Интернет|Программа не может подключиться к серверу в Интернете (обновить базу данных, проверить сертификат и т.п.)|интернет, сайт, адрес, интернет-почта
Электронная почта|"Пришло письмо с заголовком ""Внимание! Вам направлено потенциально небезопасное сообщение электронной почты"""|714, почта, электронная, письмо, опасность, сообщение, вирус|Карпиленко Михаил Степанович
Электронная почта|Открытие письма с предупреждением об опасности (если есть уверенность, что оно безопасно)|714, почта, электронная, письмо, опасность, сообщение, исходное|Карпиленко Михаил Степанович
Электронная почта|Есть сомнения в безопасности письма, полученного по электронной почте либо в файле полученном по другим каналам|714, почта, электронная, письмо, файл, вирус, опасность, сообщение|Карпиленко Михаил Степанович
Деловед|Как прикрепить к зарегистрированному документ скан. |715, Деловед, прикрепить, скан, документ|Карпенко Дмитрий Сергеевич|Мартынюк Николай Андреевич|Темляков Анатолий Валентинович
АСУ ФЭЗ|Как удалить работу из лицевой карточки исполнителя|712, АСУ, АСУ ФЭЗ, ССП, удалить, лицевые, карточки, планирование
АСУ ФЭЗ|Добавить сотрудников в сектор (группу)|712, АСУ, АСУ ФЭЗ, ССП, добавить, штатная, расстановка
АСУ ФЭЗ|Снятие регистрации плана подразделения для его корректировки|712, АСУ, АСУ ФЭЗ, ССП, снять, отменить, корректировка, регистрация, карточки, план, планирование
АСУ ФЭЗ|Снятие регистрации ВУПП подразделения для корректировки|712, АСУ, АСУ ФЭЗ, ССП, снять, отменить, корректировка, регистрация, ВУПП, планирование
АСУ ФЭЗ|Печать расхождения табеля и лицевых карточек ответственным за табель в подразделении.|712, АСУ, АСУ ФЭЗ, печать, печатать, распечатать, ответственный, лицевые, карточки, табель, электронный, расхождения, различия планирование
АСУ ФЭЗ|Добавление работы в лицевую карточку исполнителя|712, АСУ, АСУ ФЭЗ, ССП, ССП ОРД, ОРД, добавить, работу, лицевые, карточки, исполнитель, планирование
АСУ ФЭЗ|Добавление работ в план подразделения|712, АСУ, АСУ ФЭЗ, ССП, добавить, снять, работу, отменить, ВУПП, план
АСУ ФЭЗ|Из подразделения уволился (перевелся) сотрудник, как на него сделать лицевую карточку|712, АСУ, АСУ ФЭЗ, ССП, лицевые, карточки, редактирование, изменение, добавить, назначить, работу, трудоемкость, планирование
АСИД ГРСИ|Установка программы АСИД ГРСИ|713, АСИД, ГРСИ, программа, установить, метролог, 888
Подключение, регистрация В ЛС|Сетевой кабель: увеличить, уменьшить длину, или заменить на новый|714, сетевой, кабель, заменить, заявка, увеличить, уменьшить
Подключение, регистрация В ЛС|Подключиться к локальной сети (ЛС) нового рабочего места в помещении, где нет сетевой розетки или сетевого кабеля|714, сетевой, кабель, локальная, сеть, заявка, установить, подключить, розетка, новое, рабочее место
Сайт Cosmos|Порядок размещения информационного сообщения на сайте предприятия|714, сайт, cosmos, размещение, порядок, материалы|Башкова Анна Валерьевна|Штах Алексей Иванович
Сайт Cosmos|"Подача объявление на сайт ""Cosmos"""|714, сайт, cosmos, размещение, порядок, объявление|Башкова Анна Валерьевна|Штах Алексей Иванович
Сайт Cosmos|"Подача или обновление информации в разделах сайта ""Cosmos"""|""|Башкова Анна Валерьевна|Штах Алексей Иванович
netdisk|Можно ли увеличить размер личной папки пользователя на \\netdisk\users? Чё нибудь|netdisk, users, dept, сетевой, диск, увеличчить, добавить, личная, 714
САПР Catia|Новый вопрос по Catia. Редакция 1|Catia, 715, new_catia
САПР Catia|Еще один вопрос по catia|Catia
Обслуживание и ремонт компьютерной техники|Тестовый вопрос по обслуживанию компьютерной техники 1|714, ПУ, МФУ, тест, проверка, отвалилось|Карпиленко Михаил Степанович
Электронная почта|Тестовый вопрос по электронной почте 2|714, почта, электронная, письмо, тест, проверка, отвалилось|Карпиленко Михаил Степанович
САПР SmarTeam|Qwerty|SmarTeam
САПР SmarTeam|Проверка уведомлений|""
САПР SmarTeam|Где найти инструкцию по работе в программе SmarTeam. Вопрос прорабатывается|SmarTeam, процессы, согласование, корректировка, 715, вопросы, инструкция, справка
САПР SmarTeam|Где найти инструкцию по работе в программе SmarTeam. Новая редакция.|SmarTeam, процессы, согласование, корректировка, 715, вопросы, инструкция, справка
САПР SmarTeam|Обычный вопрос|715, SmarTeam
Скрытая услуга|Как пройти в библиотеку|библиотека
САПР SmarTeam|Регистрация нового пользователя в системе SmarTeam. Новая редакция 59|SmarTeam, регистрация, 715, новый, заявка, бланк, вопросы, процессы|Байбородов Андрей Анатольевич|Байбородова Елизавета Александровна
Другое|Скачать vnc 2|vnc, сеть
Скрытая услуга|Новый вопрос|библиотека
Скрытая услуга|Черновой вопрос|библиотека
Система учета КД|Новый вопрос|713
Система учета КД|Еще один вопрос|713
САПР SmarTeam|Работа в программе SmarTeam|SmarTeam, процессы, согласование, корректировка, 715, вопросы|Беляева Ольга Геннадьевна|Букина Елена Владимировна|Машукова Светлана Сергеевна
Скрытая услуга 2|Тест ответственных|714|Ерохов Павел Михайлович
Скрытая услуга 2|Проверка email|""
Скрытая услуга 2|Проверка email 2|""
Скрытая услуга 2|Проверка email 3|""
Периферия (прочие устройства)|Еще один вопрос про периферию. Версия №4|""
Периферия (прочие устройства)|Еще один вопрос про периферию №2|""
Периферия (прочие устройства)|Тест перед уходом домой. Отредактировал|""
Антивирус|Новый вопрос про антивирус|""
Другое|Общий вопрос. Тест второй|""
Другое|Тестовый общий вопрос. Новая редакция|""
Другое|test|""
SATSOFT|SATSOFT. test|""
Антивирус|Тест markdown|""
САПР SmarTeam|Очередной вопрос. Редакция 1|""
САПР SmarTeam|123|""
САПР SmarTeam|12345|""
Антивирус|Вопрос из новой формы|антивирус|Ерохов Павел Михайлович
Антивирус|Вопрос 2 про антивирус|""|Ерохов Павел Михайлович
Антивирус|Тест оповещений|""
Скрытая услуга 2|Ответственные за ресурсы на dept|dept|Байбурин Равиль Фаильевич|Прохоров Никита Дмитриевич
Печать|Где есть цветная печать формата до А3 (включительно). Новая редакция.|цветная, принтер, 714, печать, бланк, 821|Байбурин Равиль Фаильевич|Сильченко Дмитрий Михайлович
